{"cameraMode":{"drawMode":0,"name":"Shaded","section":"Shading Mode"},"sceneLighting":false,"audioPlay":false,"sceneViewState":{"showFog":false,"showMaterialUpdate":false,"showSkybox":true,"showFlares":false,"showImageEffects":true,"showParticleSystems":true},"in2DMode":false,"pivot":{"x":44.12318801879883,"y":-40.585811614990237,"z":-26.344038009643556},"rotation":{"x":0.38933929800987246,"y":0.586330771446228,"z":-0.3805469870567322,"w":0.5998458862304688},"size":145.4960174560547,"orthographic":false}