{"cameraMode":{"drawMode":0,"name":"Shaded","section":"Shading Mode"},"sceneLighting":false,"audioPlay":false,"sceneViewState":{"showFog":true,"showMaterialUpdate":false,"showSkybox":false,"showFlares":true,"showImageEffects":true,"showParticleSystems":true},"in2DMode":false,"pivot":{"x":4.76837158203125e-7,"y":1.5,"z":1.4999996423721314},"rotation":{"x":-0.007385628297924995,"y":0.7880924344062805,"z":0.009457566775381565,"w":0.6154400110244751},"size":7.04880428314209,"orthographic":false}