{"cameraMode":{"drawMode":0,"name":"Shaded","section":"Shading Mode"},"sceneLighting":false,"audioPlay":false,"sceneViewState":{"showFog":false,"showMaterialUpdate":false,"showSkybox":false,"showFlares":false,"showImageEffects":true,"showParticleSystems":true},"in2DMode":false,"pivot":{"x":-0.2499999701976776,"y":0.9375,"z":-0.8125001788139343},"rotation":{"x":-0.04228277876973152,"y":-0.9576833844184876,"z":0.205327570438385,"w":-0.19721902906894685},"size":4.176245212554932,"orthographic":false}