{"cameraMode":{"drawMode":0,"name":"Shaded","section":"Shading Mode"},"sceneLighting":false,"audioPlay":false,"sceneViewState":{"showFog":true,"showMaterialUpdate":false,"showSkybox":false,"showFlares":true,"showImageEffects":true,"showParticleSystems":true},"in2DMode":false,"pivot":{"x":1.4999998807907105,"y":1.5,"z":2.384185791015625e-7},"rotation":{"x":0.0017447328427806497,"y":0.9977779388427734,"z":-0.05993860960006714,"w":0.02904358133673668},"size":7.012503147125244,"orthographic":false}