{"cameraMode":{"drawMode":0,"name":"Shaded","section":"Shading Mode"},"sceneLighting":false,"audioPlay":false,"sceneViewState":{"showFog":false,"showMaterialUpdate":false,"showSkybox":false,"showFlares":false,"showImageEffects":true,"showParticleSystems":true},"in2DMode":false,"pivot":{"x":0.015612423419952393,"y":0.2421875,"z":-0.007762491703033447},"rotation":{"x":-0.10209597647190094,"y":-0.7760158181190491,"z":0.13017681241035462,"w":-0.6086294054985046},"size":1.221951961517334,"orthographic":false}