{"cameraMode":{"drawMode":0,"name":"Shaded","section":"Shading Mode"},"sceneLighting":false,"audioPlay":false,"sceneViewState":{"showFog":true,"showMaterialUpdate":false,"showSkybox":false,"showFlares":true,"showImageEffects":true,"showParticleSystems":true},"in2DMode":false,"pivot":{"x":1.4999998807907105,"y":1.5,"z":2.384185791015625e-7},"rotation":{"x":-0.010162602178752423,"y":0.9897294044494629,"z":-0.0932096317410469,"w":-0.10790950059890747},"size":7.012503147125244,"orthographic":false}