{"cameraMode":{"drawMode":0,"name":"Shaded","section":"Shading Mode"},"sceneLighting":false,"audioPlay":false,"sceneViewState":{"showFog":false,"showMaterialUpdate":false,"showSkybox":false,"showFlares":false,"showImageEffects":true,"showParticleSystems":true},"in2DMode":false,"pivot":{"x":-0.00003078579902648926,"y":0.09931725263595581,"z":0.025260552763938905},"rotation":{"x":-0.04228277876973152,"y":-0.9576833844184876,"z":0.205327570438385,"w":-0.19721902906894685},"size":1.0934244394302369,"orthographic":false}