{"cameraMode":{"drawMode":0,"name":"Shaded","section":"Shading Mode"},"sceneLighting":false,"audioPlay":false,"sceneViewState":{"showFog":false,"showMaterialUpdate":false,"showSkybox":false,"showFlares":false,"showImageEffects":true,"showParticleSystems":true},"in2DMode":false,"pivot":{"x":0.007812559604644776,"y":0.4296875,"z":0.02734375},"rotation":{"x":-0.06999580562114716,"y":-0.8579640984535217,"z":0.12152069807052612,"w":-0.49419721961021426},"size":1.6825599670410157,"orthographic":false}