{"cameraMode":{"drawMode":0,"name":"Shaded","section":"Shading Mode"},"sceneLighting":false,"audioPlay":false,"sceneViewState":{"showFog":true,"showMaterialUpdate":false,"showSkybox":false,"showFlares":true,"showImageEffects":true,"showParticleSystems":true},"in2DMode":false,"pivot":{"x":2.0849664211273195,"y":2.433340311050415,"z":-0.6510258913040161},"rotation":{"x":-0.007385628297924995,"y":0.7880924344062805,"z":0.009457566775381565,"w":0.6154400110244751},"size":8.37537670135498,"orthographic":false}