{"cameraMode":{"drawMode":0,"name":"Shaded","section":"Shading Mode"},"sceneLighting":false,"audioPlay":false,"sceneViewState":{"showFog":true,"showMaterialUpdate":false,"showSkybox":false,"showFlares":true,"showImageEffects":true,"showParticleSystems":true},"in2DMode":false,"pivot":{"x":0.7092229723930359,"y":0.6665066480636597,"z":-0.39153075218200686},"rotation":{"x":-0.06390699744224549,"y":0.5206195712089539,"z":-0.039119791239500049,"w":-0.8504945039749146},"size":8.874146461486817,"orthographic":false}