{"cameraMode":{"drawMode":0,"name":"Shaded","section":"Shading Mode"},"sceneLighting":false,"audioPlay":false,"sceneViewState":{"showFog":false,"showMaterialUpdate":false,"showSkybox":false,"showFlares":false,"showImageEffects":true,"showParticleSystems":true},"in2DMode":false,"pivot":{"x":-0.14929865300655366,"y":0.32112908363342287,"z":0.0},"rotation":{"x":-0.10209598392248154,"y":-0.7760158777236939,"z":0.1301768273115158,"w":-0.6086294651031494},"size":1.348213791847229,"orthographic":false}