{"cameraMode":{"drawMode":0,"name":"Shaded","section":"Shading Mode"},"sceneLighting":false,"audioPlay":false,"sceneViewState":{"showFog":false,"showMaterialUpdate":false,"showSkybox":false,"showFlares":false,"showImageEffects":true,"showParticleSystems":true},"in2DMode":false,"pivot":{"x":-0.0078125,"y":0.1293177604675293,"z":0.00960133969783783},"rotation":{"x":-0.1778995245695114,"y":-0.7175325155258179,"z":0.1983536332845688,"w":-0.6435485482215881},"size":0.9324840307235718,"orthographic":false}