{"cameraMode":{"drawMode":0,"name":"Shaded","section":"Shading Mode"},"sceneLighting":false,"audioPlay":false,"sceneViewState":{"showFog":false,"showMaterialUpdate":false,"showSkybox":false,"showFlares":false,"showImageEffects":true,"showParticleSystems":true},"in2DMode":false,"pivot":{"x":1.4999998807907105,"y":1.5,"z":2.384185791015625e-7},"rotation":{"x":-0.006350496783852577,"y":-0.9579810500144959,"z":0.021274149417877198,"w":-0.28597086668014529},"size":7.012503147125244,"orthographic":false}