{"cameraMode":{"drawMode":0,"name":"Shaded","section":"Shading Mode"},"sceneLighting":false,"audioPlay":false,"sceneViewState":{"showFog":false,"showMaterialUpdate":false,"showSkybox":false,"showFlares":false,"showImageEffects":true,"showParticleSystems":true},"in2DMode":false,"pivot":{"x":-2.9802322387695315e-8,"y":0.8239309787750244,"z":2.9802322387695315e-8},"rotation":{"x":-0.04228277876973152,"y":-0.9576833844184876,"z":0.205327570438385,"w":-0.19721902906894685},"size":3.1764206886291506,"orthographic":false}